{"Report_Header":{"Created":"2024-01-22T00:00:00Z","Created_By":"Silverchair","Customer_ID":"Silverchair:174928","Report_ID":"TR_B1","Release":"5","Report_Name":"Book Requests (Excluding OA_Gold)","Institution_Name":"University of Prince Edward Island","Institution_ID":[{"Type":"Proprietary","Value":"Silverchair:174928"}],"Report_Filters":[{"Name":"Begin_Date","Value":"2024-01-01"},{"Name":"End_Date","Value":"2024-01-31"},{"Name":"Access_Method","Value":"Regular"},{"Name":"Access_Type","Value":"Controlled"},{"Name":"Data_Type","Value":"Book"},{"Name":"Metric_Type","Value":"Total_Item_Requests|Unique_Title_Requests"}],"Exceptions":[{"Code":3031,"Severity":4,"Message":"Usage Not Ready for Requested Dates","Help_URL":"","Data":""}]}}