Report_Name	Book Usage by Access Type
Report_ID	TR_B3
Release	5
Institution_Name	University of Prince Edward Island
Institution_ID	Silverchair:174928
Metric_Types	Total_Item_Investigations; Total_Item_Requests; Unique_Item_Investigations; Unique_Item_Requests; Unique_Title_Investigations; Unique_Title_Requests
Report_Filters	Access_Method=Regular; Data_Type=Book
Report_Attributes	
Exceptions	3031: Usage Not Ready for Requested Dates ()
Reporting_Period	Begin_Date=2024-01-01; End_Date=2024-01-31
Created	2024-01-22T00:00:00Z
Created_By	Silverchair

Title	Publisher	Publisher_ID	Platform	DOI	Proprietary_ID	ISBN	Print_ISSN	Online_ISSN	URI	YOP	Access_Type	Metric_Type	Reporting_Period_Total	Jan-2024
