Report_Name	Journal Requests by YOP (Excluding OA_Gold)
Report_ID	TR_J4
Release	5
Institution_Name	University of Prince Edward Island
Institution_ID	Silverchair:174928
Metric_Types	Total_Item_Requests; Unique_Item_Requests
Report_Filters	Access_Method=Regular; Access_Type=Controlled; Data_Type=Journal
Report_Attributes	
Exceptions	3031: Usage Not Ready for Requested Dates ()
Reporting_Period	Begin_Date=2024-01-01; End_Date=2024-01-31
Created	2024-01-22T00:00:00Z
Created_By	Silverchair

Title	Publisher	Publisher_ID	Platform	DOI	Proprietary_ID	Print_ISSN	Online_ISSN	URI	YOP	Metric_Type	Reporting_Period_Total	Jan-2024
