Report_Name	Platform Usage
Report_ID	PR_P1
Release	5
Institution_Name	University of Prince Edward Island
Institution_ID	Silverchair:174928
Metric_Types	Searches_Platform; Total_Item_Requests; Unique_Item_Requests; Unique_Title_Requests
Report_Filters	Access_Method=Regular
Report_Attributes	
Exceptions	3031: Usage Not Ready for Requested Dates ()
Reporting_Period	Begin_Date=2024-01-01; End_Date=2024-01-31
Created	2024-01-22T00:00:00Z
Created_By	Silverchair

Platform	Metric_Type	Reporting_Period_Total	Jan-2024
