{"Report_Header":{"Institution_Name":"University of Prince Edward Island","Customer_ID":"3659542","Institution_ID":[{"Type":"Proprietary","Value":"acm:3659542"}],"Report_Filters":[{"Name":"End_Date","Value":"2023-10-31"},{"Name":"Data_Type","Value":"Database"},{"Name":"Begin_Date","Value":"2023-01-01"}],"Report_Attributes":[{"Name":"Attributes_To_Show","Value":"Data_Type|Access_Method"}],"Created":"2023-11-21T10:13:31Z","Created_By":"Atypon Systems LLC.","Exceptions":[{"Code":3030,"Message":"No Usage Available for Requested Dates","Data":"Requested data between 2023-01-01 and 2023-10-31"}],"Release":"5","Report_ID":"DR","Report_Name":"Database Master Report"},"Report_Items":[]}